{"0": {"class": 0, "p": 4.702778562426899e-05, "q": 4.6453370977213776e-05, "intra": 6128, "inter": 2976, "c0 size": 4103, "c1 size": 15614, "n_edges": 88648}, "1": {"class": 1, "p": 4.6915366763486085e-05, "q": 4.6754105402049596e-05, "intra": 4770, "inter": 4334, "c0 size": 7739, "c1 size": 11978, "n_edges": 88648}, "2": {"class": 2, "p": 4.895443416210125e-05, "q": 4.454417019862046e-05, "intra": 4950, "inter": 4154, "c0 size": 7875, "c1 size": 11842, "n_edges": 88648}}