_key,class,p,q,intra,inter,c0 size,c1 size,n_edges
0,0,0.001784017464235509,0.0008359797781932943,8428,676,264,3063,9104
1,1,0.0020602500631066436,0.0006390765591424484,8072,1032,590,2737,9104
2,2,0.0021173463479768483,0.0006474452373928338,7954,1150,668,2659,9104
3,3,0.0022540781018289668,0.0004248092975653321,8322,782,701,2626,9104
4,4,0.0021494830511187223,0.00043620474836515374,8394,710,596,2731,9104
5,5,0.0021064444568541017,0.0003254071779516386,8638,466,508,2819,9104
