{"0": {"class": 0, "p": 0.001784017464235509, "q": 0.0008359797781932943, "intra": 8428, "inter": 676, "c0 size": 264, "c1 size": 3063, "n_edges": 9104}, "1": {"class": 1, "p": 0.0020602500631066436, "q": 0.0006390765591424484, "intra": 8072, "inter": 1032, "c0 size": 590, "c1 size": 2737, "n_edges": 9104}, "2": {"class": 2, "p": 0.0021173463479768483, "q": 0.0006474452373928338, "intra": 7954, "inter": 1150, "c0 size": 668, "c1 size": 2659, "n_edges": 9104}, "3": {"class": 3, "p": 0.0022540781018289668, "q": 0.0004248092975653321, "intra": 8322, "inter": 782, "c0 size": 701, "c1 size": 2626, "n_edges": 9104}, "4": {"class": 4, "p": 0.0021494830511187223, "q": 0.00043620474836515374, "intra": 8394, "inter": 710, "c0 size": 596, "c1 size": 2731, "n_edges": 9104}, "5": {"class": 5, "p": 0.0021064444568541017, "q": 0.0003254071779516386, "intra": 8638, "inter": 466, "c0 size": 508, "c1 size": 2819, "n_edges": 9104}}