_key,class,p,q,intra,inter,c0 size,c1 size,n_edges
0,0,0.0033960882616489033,0.0011096243595182926,9638,918,351,2357,10556
1,1,0.003243159171141452,0.0007806906707464846,10134,422,217,2491,10556
2,2,0.003770967977790727,0.00035937402060132466,10212,344,418,2290,10556
3,3,0.004520450082057022,0.0006312984308094332,9580,976,818,1890,10556
4,4,0.0037175853072948886,0.0005595947875391407,10012,544,426,2282,10556
5,5,0.0034108129420874363,0.0007017739285415912,10052,504,298,2410,10556
6,6,0.003193532691345626,0.0006680731364275668,10252,304,180,2528,10556
