{"0": {"class": 0, "p": 0.0033960882616489033, "q": 0.0011096243595182926, "intra": 9638, "inter": 918, "c0 size": 351, "c1 size": 2357, "n_edges": 10556}, "1": {"class": 1, "p": 0.003243159171141452, "q": 0.0007806906707464846, "intra": 10134, "inter": 422, "c0 size": 217, "c1 size": 2491, "n_edges": 10556}, "2": {"class": 2, "p": 0.003770967977790727, "q": 0.00035937402060132466, "intra": 10212, "inter": 344, "c0 size": 418, "c1 size": 2290, "n_edges": 10556}, "3": {"class": 3, "p": 0.004520450082057022, "q": 0.0006312984308094332, "intra": 9580, "inter": 976, "c0 size": 818, "c1 size": 1890, "n_edges": 10556}, "4": {"class": 4, "p": 0.0037175853072948886, "q": 0.0005595947875391407, "intra": 10012, "inter": 544, "c0 size": 426, "c1 size": 2282, "n_edges": 10556}, "5": {"class": 5, "p": 0.0034108129420874363, "q": 0.0007017739285415912, "intra": 10052, "inter": 504, "c0 size": 298, "c1 size": 2410, "n_edges": 10556}, "6": {"class": 6, "p": 0.003193532691345626, "q": 0.0006680731364275668, "intra": 10252, "inter": 304, "c0 size": 180, "c1 size": 2528, "n_edges": 10556}}