_key,class,p,q,intra,inter,c0 size,c1 size,n_edges
0,0,0.0005975168715250626,0.00016839346979239994,77860,10788,4103,15614,88648
1,1,0.0007728544422518259,0.00010863263530194727,78578,10070,7739,11978,88648
2,2,0.0007364922650609454,0.0001520335207212424,74470,14178,7875,11842,88648
