{"0": {"class": 0, "p": 0.0005975168715250626, "q": 0.00016839346979239994, "intra": 77860, "inter": 10788, "c0 size": 4103, "c1 size": 15614, "n_edges": 88648}, "1": {"class": 1, "p": 0.0007728544422518259, "q": 0.00010863263530194727, "intra": 78578, "inter": 10070, "c0 size": 7739, "c1 size": 11978, "n_edges": 88648}, "2": {"class": 2, "p": 0.0007364922650609454, "q": 0.0001520335207212424, "intra": 74470, "inter": 14178, "c0 size": 7875, "c1 size": 11842, "n_edges": 88648}}